country,year,poverty_rate
Albania,1996,1.7650000000000001
Albania,2002,2.645
Albania,2005,1.645
Albania,2008,0.5
Albania,2012,1.21
Albania,2014,2.3600000000000003
Albania,2015,0.6000000000000001
Albania,2016,2.346666666666667
Albania,2017,2.3499999999999996
Albania,2018,1.6466666666666665
Albania,2019,0.15
Albania,2020,0.16
Algeria,1988,9.36
Algeria,1995,8.96
Algeria,2011,0.0
Angola,2000,24.18
Angola,2008,18.345
Angola,2018,35.21
Argentina,1980,0.0
Argentina,1986,1.3
Argentina,1987,1.5
Argentina,1991,1.3
Argentina,1992,2.5
Argentina,1993,2.9
Argentina,1994,2.7
Argentina,1995,5.1
Argentina,1996,5.4
Argentina,1997,5.2
Argentina,1998,5.7
Argentina,1999,5.9
Argentina,2000,7.3
Argentina,2001,10.7
Argentina,2002,17.1
Argentina,2003,8.2
Argentina,2004,6.0
Argentina,2005,4.4
Argentina,2006,3.5
Argentina,2007,2.8
Argentina,2008,2.6
Argentina,2009,2.4
Argentina,2010,1.5
Argentina,2011,1.2
Argentina,2012,1.3
Argentina,2013,1.1
Argentina,2014,1.1
Argentina,2016,1.3
Argentina,2017,1.1
Argentina,2018,1.6
Argentina,2019,1.7
Argentina,2020,2.2
Argentina,2021,1.4
Argentina,2022,1.3
Argentina,2023,1.2
Argentina,2024,1.0
Armenia,1996,17.985
Armenia,1999,16.55
Armenia,2001,19.035
Armenia,2002,14.885000000000002
Armenia,2003,11.17
Armenia,2004,7.8100000000000005
Armenia,2005,4.365
Armenia,2006,3.25
Armenia,2007,2.62
Armenia,2008,1.44
Armenia,2009,2.175
Armenia,2010,1.9249999999999998
Armenia,2011,2.145
Armenia,2012,1.665
Armenia,2013,2.32
Armenia,2014,2.42
Armenia,2015,2.025
Armenia,2016,1.8050000000000002
Armenia,2017,1.595
Armenia,2018,2.12
Armenia,2019,1.7149999999999999
Armenia,2020,0.925
Armenia,2021,1.31
Armenia,2022,1.3399999999999999
Armenia,2023,1.2449999999999999
Australia,1981,0.995
Australia,1985,1.0
Australia,1989,0.72
Australia,1995,0.875
Australia,2001,0.875
Australia,2003,1.0
Australia,2004,0.7050000000000001
Australia,2008,0.53
Australia,2010,0.32499999999999996
Australia,2014,0.5
Australia,2016,0.5
Australia,2018,0.5
Australia,2020,0.86
Austria,1994,0.21499999999999997
Austria,1995,0.0
Austria,1996,0.0
Austria,1997,0.225
Austria,1998,0.22
Austria,1999,0.21499999999999997
Austria,2000,0.1
Austria,2003,0.365
Austria,2004,0.09
Austria,2005,0.175
Austria,2006,0.095
Austria,2007,0.385
Austria,2008,0.485
Austria,2009,0.6799999999999999
Austria,2010,0.495
Austria,2011,0.45999999999999996
Austria,2012,0.6599999999999999
Austria,2013,0.31999999999999995
Austria,2014,0.21000000000000002
Austria,2015,0.69
Austria,2016,0.6799999999999999
Austria,2017,0.31
Austria,2018,0.585
Austria,2019,0.62
Austria,2020,0.69
Austria,2021,0.495
Austria,2022,0.61
Austria,2023,0.51
Azerbaijan,1995,16.06
Azerbaijan,2001,8.780000000000001
Azerbaijan,2002,0.14
Azerbaijan,2003,0.125
Azerbaijan,2004,0.0
Azerbaijan,2005,0.0
Bangladesh,1983,42.19
Bangladesh,1985,36.68
Bangladesh,1988,46.42
Bangladesh,1991,46.57
Bangladesh,1995,38.535
Bangladesh,2000,37.36
Bangladesh,2005,28.134999999999998
Bangladesh,2010,21.66
Bangladesh,2016,16.485
Bangladesh,2022,4.735
Barbados,2016,1.47
Belarus,1993,1.55
Belarus,1995,1.15
Belarus,1998,29.980000000000004
Belarus,1999,26.445
Belarus,2000,20.07
Belarus,2001,10.66
Belarus,2002,7.3950000000000005
Belarus,2003,6.1049999999999995
Belarus,2004,2.8
Belarus,2005,1.645
Belarus,2006,0.75
Belarus,2007,0.66
Belarus,2008,0.33499999999999996
Belarus,2009,0.31999999999999995
Belarus,2010,0.115
Belarus,2011,0.055
Belarus,2012,0.055
Belarus,2013,0.0
Belarus,2014,0.0
Belarus,2015,0.0
Belarus,2016,0.0
Belarus,2017,0.0
Belarus,2018,0.0
Belarus,2019,0.0
Belarus,2020,0.0
Belgium,1985,0.22
Belgium,1988,0.59
Belgium,1992,0.99
Belgium,1995,0.5549999999999999
Belgium,1997,0.495
Belgium,2000,0.305
Belgium,2003,0.345
Belgium,2004,0.07500000000000001
Belgium,2005,0.245
Belgium,2006,0.18499999999999994
Belgium,2007,0.175
Belgium,2008,0.11
Belgium,2009,0.10500000000000001
Belgium,2010,0.11999999999999995
Belgium,2011,0.18499999999999994
Belgium,2012,0.18
Belgium,2013,0.11999999999999995
Belgium,2014,0.09
Belgium,2015,0.08499999999999995
Belgium,2016,0.08
Belgium,2017,0.175
Belgium,2018,0.09
Belgium,2019,0.09
Belgium,2020,0.07500000000000001
Belgium,2021,0.015
Belgium,2022,0.01
Belgium,2023,0.08499999999999995
Belize,1993,15.775
Belize,1994,16.445
Belize,1995,16.835
Belize,1996,20.75
Belize,1997,23.45
Belize,1998,23.415
Belize,1999,21.03
Belize,2018,0.78
Benin,2003,62.315
Benin,2011,61.845
Benin,2015,58.805
Benin,2018,29.015
Benin,2021,20.305
Bhutan,2003,18.23
Bhutan,2007,8.925
Bhutan,2012,2.665
Bhutan,2017,1.775
Bhutan,2022,0.0
Bolivia,1990,5.8
Bolivia,1992,13.8
Bolivia,1997,17.07
Bolivia,1999,23.240000000000002
Bolivia,2000,26.275
Bolivia,2001,20.665
Bolivia,2002,21.795
Bolivia,2004,11.71
Bolivia,2005,17.155
Bolivia,2006,14.195
Bolivia,2007,10.785
Bolivia,2008,9.469999999999999
Bolivia,2009,9.39
Bolivia,2011,6.1
Bolivia,2012,7.1850000000000005
Bolivia,2013,5.984999999999999
Bolivia,2014,4.9399999999999995
Bolivia,2015,5.415
Bolivia,2016,6.41
Bolivia,2017,5.665
Bolivia,2018,3.9850000000000003
Bolivia,2019,2.51
Bolivia,2020,3.66
Bolivia,2021,2.5300000000000002
Bolivia,2022,2.76
Bolivia,2023,2.3
Bosnia and Herzegovina,2001,0.46499999999999997
Bosnia and Herzegovina,2004,0.29000000000000004
Bosnia and Herzegovina,2007,0.13499999999999995
Bosnia and Herzegovina,2011,0.13499999999999995
Botswana,1985,45.945
Botswana,1993,38.1
Botswana,2002,30.96
Botswana,2009,18.080000000000002
Botswana,2015,17.81
Brazil,1981,27.325
Brazil,1982,27.71
Brazil,1983,34.14
Brazil,1984,33.41
Brazil,1985,29.075
Brazil,1986,14.485
Brazil,1987,22.725
Brazil,1988,25.26
Brazil,1989,23.049999999999997
Brazil,1990,27.145
Brazil,1992,26.345
Brazil,1993,25.15
Brazil,1995,17.12
Brazil,1996,18.35
Brazil,1997,18.189999999999998
Brazil,1998,16.72
Brazil,1999,17.485
Brazil,2001,15.27
Brazil,2002,13.969999999999999
Brazil,2003,14.855
Brazil,2004,13.18
Brazil,2005,11.83
Brazil,2006,9.830000000000002
Brazil,2007,9.335
Brazil,2008,7.805
Brazil,2009,7.26
Brazil,2011,6.209999999999999
Brazil,2012,5.445
Brazil,2013,4.565
Brazil,2014,4.015000000000001
Brazil,2015,4.640000000000001
Brazil,2016,5.615
Brazil,2017,6.1
Brazil,2018,6.105
Brazil,2019,6.205
Brazil,2020,2.375
Brazil,2021,6.665
Brazil,2022,4.205
Brazil,2023,3.235
Bulgaria,1989,0.0
Bulgaria,1992,0.0
Bulgaria,1994,0.0
Bulgaria,1995,1.555
Bulgaria,1997,0.0
Bulgaria,2001,3.6350000000000002
Bulgaria,2003,1.5650000000000002
Bulgaria,2006,6.915
Bulgaria,2007,1.5966666666666667
Bulgaria,2008,1.575
Bulgaria,2009,1.5550000000000002
Bulgaria,2010,2.355
Bulgaria,2011,2.9299999999999997
Bulgaria,2012,2.6550000000000002
Bulgaria,2013,2.54
Bulgaria,2014,2.18
Bulgaria,2015,4.01
Bulgaria,2016,2.535
Bulgaria,2017,1.685
Bulgaria,2018,1.185
Bulgaria,2019,1.26
Bulgaria,2020,0.475
Bulgaria,2021,0.95
Bulgaria,2022,0.9600000000000001
Bulgaria,2023,0.88
Burkina Faso,1994,84.84
Burkina Faso,1998,83.16
Burkina Faso,2003,62.15
Burkina Faso,2009,59.925
Burkina Faso,2014,49.150000000000006
Burkina Faso,2018,39.45
Burkina Faso,2021,33.69
Burundi,1992,80.03
Burundi,1998,83.52
Burundi,2006,76.67
Burundi,2013,70.465
Burundi,2020,68.135
Cabo Verde,2001,28.335
Cabo Verde,2007,18.384999999999998
Cabo Verde,2015,9.58
Cameroon,1996,53.435
Cameroon,2001,28.245
Cameroon,2007,33.71
Cameroon,2014,27.33
Cameroon,2021,24.845
Canada,1971,2.375
Canada,1973,1.725
Canada,1975,1.595
Canada,1977,1.375
Canada,1979,1.225
Canada,1981,0.875
Canada,1982,0.72
Canada,1984,0.875
Canada,1985,0.6
Canada,1986,1.0
Canada,1987,0.5
Canada,1988,0.725
Canada,1989,1.225
Canada,1990,1.225
Canada,1991,1.225
Canada,1992,0.725
Canada,1993,1.225
Canada,1994,0.995
Canada,1995,0.725
Canada,1996,0.375
Canada,1997,0.375
Canada,1998,0.5
Canada,1999,0.495
Canada,2000,0.225
Canada,2001,0.225
Canada,2002,0.22
Canada,2003,0.22
Canada,2004,0.22
Canada,2005,0.22
Canada,2006,0.225
Canada,2007,0.225
Canada,2008,0.225
Canada,2009,0.22
Canada,2010,0.225
Canada,2011,0.21499999999999997
Canada,2012,0.225
Canada,2013,0.5
Canada,2014,0.22
Canada,2015,0.375
Canada,2016,0.375
Canada,2017,0.375
Canada,2018,0.225
Canada,2019,0.225
Canada,2020,0.1
Canada,2021,0.225
Central African Republic,1992,83.49
Central African Republic,2008,64.59
Central African Republic,2021,68.63499999999999
Chad,2003,62.245000000000005
Chad,2011,40.910000000000004
Chad,2018,36.39
Chad,2022,35.175
Chile,1987,18.54
Chile,1990,13.335
Chile,1992,8.9
Chile,1994,8.65
Chile,1996,6.33
Chile,1998,5.995000000000001
Chile,2000,7.215
Chile,2003,6.595000000000001
Chile,2006,2.675
Chile,2009,2.135
Chile,2011,1.2999999999999998
Chile,2013,0.66
Chile,2015,0.565
Chile,2017,0.43
Chile,2020,1.52
Chile,2022,0.45
China,1981,94.39
China,1984,86.295
China,1987,74.39500000000001
China,1990,77.48
China,1993,71.185
China,1996,55.095
China,1999,52.265
China,2002,42.495000000000005
China,2005,27.675
China,2008,21.735
China,2010,16.990000000000002
China,2011,12.825
China,2012,10.76
China,2013,4.44
China,2014,3.2199999999999998
China,2015,1.78
China,2016,1.1400000000000001
China,2017,0.85
China,2018,0.4
China,2019,0.0
China,2020,0.0
China,2021,0.0
China,2022,0.0
Colombia,1980,28.5
Colombia,1988,21.4
Colombia,1989,21.3
Colombia,1991,19.3
Colombia,1992,12.780000000000001
Colombia,1996,21.185000000000002
Colombia,1999,24.775
Colombia,2000,20.7
Colombia,2001,25.3
Colombia,2002,17.689999999999998
Colombia,2003,16.405
Colombia,2004,15.605
Colombia,2005,13.77
Colombia,2008,13.815000000000001
Colombia,2009,12.3
Colombia,2010,10.69
Colombia,2011,9.015
Colombia,2012,8.81
Colombia,2013,8.005
Colombia,2014,7.215
Colombia,2015,6.515
Colombia,2016,6.455
Colombia,2017,5.82
Colombia,2018,5.95
Colombia,2019,7.040000000000001
Colombia,2020,11.43
Colombia,2021,9.265
Colombia,2022,7.67
Colombia,2023,6.27
Comoros,2004,21.265
Comoros,2014,25.02
"Congo, Dem. Rep.",2004,93.185
"Congo, Dem. Rep.",2012,74.295
"Congo, Dem. Rep.",2020,82.12
"Congo, Rep.",2005,52.025
"Congo, Rep.",2011,37.28
Costa Rica,1981,29.68
Costa Rica,1986,16.61
Costa Rica,1989,12.475000000000001
Costa Rica,1990,12.14
Costa Rica,1991,14.755
Costa Rica,1992,11.870000000000001
Costa Rica,1993,10.165
Costa Rica,1994,8.22
Costa Rica,1995,8.875
Costa Rica,1996,9.959999999999999
Costa Rica,1997,7.91
Costa Rica,1998,6.36
Costa Rica,1999,8.06
Costa Rica,2000,8.365
Costa Rica,2001,6.345
Costa Rica,2002,5.64
Costa Rica,2003,5.8100000000000005
Costa Rica,2004,5.63
Costa Rica,2005,4.165
Costa Rica,2006,4.27
Costa Rica,2007,2.46
Costa Rica,2008,2.91
Costa Rica,2009,3.04
Costa Rica,2010,1.8450000000000002
Costa Rica,2011,2.225
Costa Rica,2012,2.135
Costa Rica,2013,2.12
Costa Rica,2014,1.955
Costa Rica,2015,1.9849999999999999
Costa Rica,2016,1.87
Costa Rica,2017,1.435
Costa Rica,2018,1.9049999999999998
Costa Rica,2019,1.38
Costa Rica,2020,2.8449999999999998
Costa Rica,2021,1.7200000000000002
Costa Rica,2022,1.245
Costa Rica,2023,1.19
Costa Rica,2024,1.07
Cote d'Ivoire,1985,11.115
Cote d'Ivoire,1986,7.42
Cote d'Ivoire,1987,12.815
Cote d'Ivoire,1988,18.625
Cote d'Ivoire,1992,33.33
Cote d'Ivoire,1995,33.405
Cote d'Ivoire,1998,37.230000000000004
Cote d'Ivoire,2002,36.885000000000005
Cote d'Ivoire,2008,41.16
Cote d'Ivoire,2015,40.475
Cote d'Ivoire,2018,17.1
Cote d'Ivoire,2021,15.315
Croatia,1988,0.0
Croatia,1998,0.0
Croatia,1999,0.0
Croatia,2000,0.0
Croatia,2001,0.0
Croatia,2004,0.0
Croatia,2008,0.0
Croatia,2009,0.63
Croatia,2010,0.87
Croatia,2011,0.815
Croatia,2012,0.9450000000000001
Croatia,2013,0.965
Croatia,2014,1.0899999999999999
Croatia,2015,0.645
Croatia,2016,0.76
Croatia,2017,0.56
Croatia,2018,0.47
Croatia,2019,0.33
Croatia,2020,0.355
Croatia,2021,0.305
Croatia,2022,0.37
Croatia,2023,0.255
Cyprus,2004,0.095
Cyprus,2005,0.055
Cyprus,2006,0.01
Cyprus,2007,0.015
Cyprus,2008,0.005
Cyprus,2009,0.10500000000000001
Cyprus,2010,0.07
Cyprus,2011,0.005
Cyprus,2012,0.0
Cyprus,2013,0.1
Cyprus,2014,0.09
Cyprus,2015,0.015
Cyprus,2016,0.07
Cyprus,2017,0.065
Cyprus,2018,0.060000000000000005
Cyprus,2019,0.175
Cyprus,2020,0.005
Cyprus,2021,0.005
Cyprus,2022,0.0
Cyprus,2023,0.005
Czechia,1992,0.0
Czechia,1993,0.0
Czechia,1996,0.0
Czechia,2002,0.0
Czechia,2004,0.0
Czechia,2005,0.0
Czechia,2006,0.08499999999999995
Czechia,2007,0.11
Czechia,2008,0.065
Czechia,2009,0.005
Czechia,2010,0.02
Czechia,2011,0.07500000000000001
Czechia,2012,0.065
Czechia,2013,0.025
Czechia,2014,0.0
Czechia,2015,0.005
Czechia,2016,0.0
Czechia,2017,0.0
Czechia,2018,0.005
Czechia,2019,0.0
Czechia,2020,0.005
Czechia,2021,0.08
Czechia,2022,0.0
Czechia,2023,0.0
Denmark,1987,0.6
Denmark,1992,0.495
Denmark,1995,0.0
Denmark,2000,0.0
Denmark,2003,0.37
Denmark,2004,0.305
Denmark,2005,0.275
Denmark,2006,0.16999999999999996
Denmark,2007,0.055
Denmark,2008,0.205
Denmark,2009,0.5449999999999999
Denmark,2010,0.08
Denmark,2011,0.0
Denmark,2012,0.0
Denmark,2013,0.305
Denmark,2014,0.2
Denmark,2015,0.19
Denmark,2016,0.2899999999999999
Denmark,2017,0.11999999999999995
Denmark,2018,0.18499999999999994
Denmark,2019,0.275
Denmark,2020,0.18
Denmark,2021,0.175
Denmark,2022,0.22
Denmark,2023,0.38
Djibouti,2002,27.424999999999997
Djibouti,2012,23.045
Djibouti,2013,28.064999999999998
Djibouti,2017,22.24
Dominican Republic,1986,7.895
Dominican Republic,1989,19.21
Dominican Republic,1992,8.81
Dominican Republic,1996,7.225
Dominican Republic,1997,7.484999999999999
Dominican Republic,2000,7.505000000000001
Dominican Republic,2001,5.87
Dominican Republic,2002,8.305
Dominican Republic,2003,9.7
Dominican Republic,2004,13.105
Dominican Republic,2005,8.655000000000001
Dominican Republic,2006,7.18
Dominican Republic,2007,6.935
Dominican Republic,2008,6.275
Dominican Republic,2009,5.49
Dominican Republic,2010,4.6850000000000005
Dominican Republic,2011,4.68
Dominican Republic,2012,4.625
Dominican Republic,2013,3.6850000000000005
Dominican Republic,2014,3.7299999999999995
Dominican Republic,2015,2.915
Dominican Republic,2016,2.5149999999999997
Dominican Republic,2017,1.25
Dominican Republic,2018,0.97
Dominican Republic,2019,0.915
Dominican Republic,2020,1.13
Dominican Republic,2021,1.0750000000000002
Dominican Republic,2022,0.88
Dominican Republic,2023,1.115
Dominican Republic,2024,0.73
East Asia & Pacific,1981,77.2
East Asia & Pacific,1982,76.3
East Asia & Pacific,1983,75.2
East Asia & Pacific,1984,73.3
East Asia & Pacific,1985,71.3
East Asia & Pacific,1986,69.6
East Asia & Pacific,1987,67.2
East Asia & Pacific,1988,63.4
East Asia & Pacific,1989,68.0
East Asia & Pacific,1990,67.0
East Asia & Pacific,1991,65.9
East Asia & Pacific,1992,64.2
East Asia & Pacific,1993,62.5
East Asia & Pacific,1994,58.7
East Asia & Pacific,1995,55.2
East Asia & Pacific,1996,51.6
East Asia & Pacific,1997,51.0
East Asia & Pacific,1998,51.5
East Asia & Pacific,1999,49.1
East Asia & Pacific,2000,46.8
East Asia & Pacific,2001,44.2
East Asia & Pacific,2002,40.2
East Asia & Pacific,2003,36.5
East Asia & Pacific,2004,33.1
East Asia & Pacific,2005,29.0
East Asia & Pacific,2006,27.8
East Asia & Pacific,2007,25.2
East Asia & Pacific,2008,23.5
East Asia & Pacific,2009,21.5
East Asia & Pacific,2010,18.8
East Asia & Pacific,2011,15.5
East Asia & Pacific,2012,13.5
East Asia & Pacific,2013,9.1
East Asia & Pacific,2014,7.8
East Asia & Pacific,2015,6.1
East Asia & Pacific,2016,5.1
East Asia & Pacific,2017,4.2
East Asia & Pacific,2018,3.3
East Asia & Pacific,2019,2.6
East Asia & Pacific,2020,2.7
East Asia & Pacific,2021,2.6
East Asia & Pacific,2022,2.4
East Asia & Pacific,2023,2.2
East Asia & Pacific,2024,2.0
Ecuador,1987,21.6
Ecuador,1994,19.315
Ecuador,1995,18.1
Ecuador,1998,21.1
Ecuador,1999,24.36
Ecuador,2000,31.125
Ecuador,2003,16.85
Ecuador,2004,17.23
Ecuador,2005,13.600000000000001
Ecuador,2006,9.525
Ecuador,2007,9.71
Ecuador,2008,8.655000000000001
Ecuador,2009,8.305
Ecuador,2010,6.74
Ecuador,2011,5.535
Ecuador,2012,5.23
Ecuador,2013,3.87
Ecuador,2014,3.3200000000000003
Ecuador,2015,4.12
Ecuador,2016,4.29
Ecuador,2017,3.755
Ecuador,2018,4.005
Ecuador,2019,4.09
Ecuador,2020,7.46
Ecuador,2021,4.4399999999999995
Ecuador,2022,3.79
Ecuador,2023,4.25
Ecuador,2024,6.539999999999999
"Egypt, Arab Rep.",1990,6.165
"Egypt, Arab Rep.",1995,3.07
"Egypt, Arab Rep.",1999,0.0
"Egypt, Arab Rep.",2004,3.6049999999999995
"Egypt, Arab Rep.",2008,3.285
"Egypt, Arab Rep.",2010,1.27
"Egypt, Arab Rep.",2012,1.045
"Egypt, Arab Rep.",2015,1.055
"Egypt, Arab Rep.",2017,2.8
"Egypt, Arab Rep.",2019,1.7349999999999999
"Egypt, Arab Rep.",2021,1.15
El Salvador,1989,22.115000000000002
El Salvador,1991,25.479999999999997
El Salvador,1995,16.28
El Salvador,1996,18.23
El Salvador,1998,23.665
El Salvador,1999,19.825
El Salvador,2000,15.669999999999998
El Salvador,2001,16.75
El Salvador,2002,17.115000000000002
El Salvador,2003,18.355
El Salvador,2004,13.895
El Salvador,2005,13.84
El Salvador,2006,10.125
El Salvador,2007,7.135
El Salvador,2008,10.16
El Salvador,2009,9.91
El Salvador,2010,8.875
El Salvador,2011,7.72
El Salvador,2012,6.57
El Salvador,2013,5.359999999999999
El Salvador,2014,5.22
El Salvador,2015,3.8049999999999997
El Salvador,2016,4.215
El Salvador,2017,3.33
El Salvador,2018,2.9699999999999998
El Salvador,2019,2.2
El Salvador,2021,4.345
El Salvador,2022,4.28
El Salvador,2023,3.8499999999999996
Equatorial Guinea,2022,6.495000000000001
Estonia,1993,0.8
Estonia,1995,0.35
Estonia,1998,0.0
Estonia,2000,2.215
Estonia,2001,2.11
Estonia,2002,2.135
Estonia,2003,2.4299999999999997
Estonia,2004,1.0766666666666667
Estonia,2005,0.9550000000000001
Estonia,2006,0.9600000000000001
Estonia,2007,0.515
Estonia,2008,0.49499999999999994
Estonia,2009,0.6799999999999999
Estonia,2010,0.895
Estonia,2011,1.0899999999999999
Estonia,2012,0.87
Estonia,2013,0.98
Estonia,2014,0.915
Estonia,2015,0.6499999999999999
Estonia,2016,0.5349999999999999
Estonia,2017,0.385
Estonia,2018,0.325
Estonia,2019,0.6299999999999999
Estonia,2020,0.375
Estonia,2021,0.305
Estonia,2022,0.47
Estonia,2023,0.295
Eswatini,1994,87.37
Eswatini,2000,60.565
Eswatini,2009,53.765
Eswatini,2016,40.29
Ethiopia,1995,71.355
Ethiopia,1999,61.965
Ethiopia,2004,37.94
Ethiopia,2010,34.075
Ethiopia,2015,29.990000000000002
Ethiopia,2021,35.28
Europe & Central Asia,1988,3.8
Europe & Central Asia,1989,3.9
Europe & Central Asia,1990,4.0
Europe & Central Asia,1991,4.5
Europe & Central Asia,1992,5.5
Europe & Central Asia,1993,6.1
Europe & Central Asia,1994,7.6
Europe & Central Asia,1995,7.3
Europe & Central Asia,1996,7.5
Europe & Central Asia,1997,6.8
Europe & Central Asia,1998,7.0
Europe & Central Asia,1999,8.7
Europe & Central Asia,2000,7.6
Europe & Central Asia,2001,6.9
Europe & Central Asia,2002,6.2
Europe & Central Asia,2003,5.9
Europe & Central Asia,2004,5.1
Europe & Central Asia,2005,5.0
Europe & Central Asia,2006,4.4
Europe & Central Asia,2007,4.0
Europe & Central Asia,2008,3.7
Europe & Central Asia,2009,3.7
Europe & Central Asia,2010,3.8
Europe & Central Asia,2011,3.6
Europe & Central Asia,2012,3.6
Europe & Central Asia,2013,1.1
Europe & Central Asia,2014,1.2
Europe & Central Asia,2015,1.2
Europe & Central Asia,2016,1.0
Europe & Central Asia,2017,1.0
Europe & Central Asia,2018,0.8
Europe & Central Asia,2019,0.8
Europe & Central Asia,2020,0.8
Europe & Central Asia,2021,0.8
Europe & Central Asia,2022,0.7
Europe & Central Asia,2023,0.6
Europe & Central Asia,2024,0.5
Fiji,2002,3.54
Fiji,2008,2.415
Fiji,2013,0.98
Fiji,2019,3.0100000000000002
Finland,1987,0.0
Finland,1991,0.0
Finland,1995,0.0
Finland,2000,0.0
Finland,2003,0.025
Finland,2004,0.02
Finland,2005,0.08
Finland,2006,0.09
Finland,2007,0.08
Finland,2008,0.07500000000000001
Finland,2009,0.07500000000000001
Finland,2010,0.07500000000000001
Finland,2011,0.07500000000000001
Finland,2012,0.07500000000000001
Finland,2013,0.095
Finland,2014,0.08499999999999995
Finland,2015,0.08499999999999995
Finland,2016,0.025
Finland,2017,0.08499999999999995
Finland,2018,0.08
Finland,2019,0.02
Finland,2020,0.015
Finland,2021,0.01
Finland,2022,0.1
Finland,2023,0.175
Fragile and conflict affected situations,1993,54.1
Fragile and conflict affected situations,1994,55.2
Fragile and conflict affected situations,1995,56.0
Fragile and conflict affected situations,1996,55.6
Fragile and conflict affected situations,1997,55.0
Fragile and conflict affected situations,1998,54.7
Fragile and conflict affected situations,1999,55.0
Fragile and conflict affected situations,2001,51.5
Fragile and conflict affected situations,2002,51.1
Fragile and conflict affected situations,2003,50.0
Fragile and conflict affected situations,2004,47.0
Fragile and conflict affected situations,2005,45.2
Fragile and conflict affected situations,2006,44.0
Fragile and conflict affected situations,2007,42.6
Fragile and conflict affected situations,2008,41.4
Fragile and conflict affected situations,2009,40.5
Fragile and conflict affected situations,2010,38.8
Fragile and conflict affected situations,2011,38.5
Fragile and conflict affected situations,2012,37.6
Fragile and conflict affected situations,2013,36.9
Fragile and conflict affected situations,2014,36.5
Fragile and conflict affected situations,2015,36.6
Fragile and conflict affected situations,2016,37.0
Fragile and conflict affected situations,2017,36.9
Fragile and conflict affected situations,2018,36.9
Fragile and conflict affected situations,2020,39.5
Fragile and conflict affected situations,2021,40.8
Fragile and conflict affected situations,2022,40.8
Fragile and conflict affected situations,2023,41.5
Fragile and conflict affected situations,2024,41.7
France,1970,0.0
France,1975,0.375
France,1979,0.225
France,1984,0.5
France,1990,0.225
France,1996,0.225
France,1997,0.225
France,1998,0.0
France,1999,0.0
France,2000,0.0
France,2001,0.0
France,2002,0.0
France,2003,0.18
France,2004,0.07500000000000001
France,2005,0.07
France,2006,0.015
France,2007,0.005
France,2008,0.005
France,2009,0.07
France,2010,0.095
France,2011,0.015
France,2012,0.08
France,2013,0.08
France,2014,0.01
France,2015,0.115
France,2016,0.08
France,2017,0.01
France,2018,0.01
France,2019,0.07500000000000001
France,2020,0.10500000000000001
France,2021,0.08
France,2022,0.07500000000000001
France,2023,0.08499999999999995
Gabon,2005,7.34
Gabon,2017,3.135
"Gambia, The",1998,76.05
"Gambia, The",2003,52.94500000000001
"Gambia, The",2010,32.015
"Gambia, The",2015,15.240000000000002
"Gambia, The",2020,19.619999999999997
Georgia,1996,9.485
Georgia,1997,23.490000000000002
Georgia,1998,21.880000000000003
Georgia,1999,27.245000000000005
Georgia,2000,28.95
Georgia,2001,29.855000000000004
Georgia,2002,17.495
Georgia,2003,17.625
Georgia,2004,16.634999999999998
Georgia,2005,17.59
Georgia,2006,17.545
Georgia,2007,19.049999999999997
Georgia,2008,17.075
Georgia,2009,16.615000000000002
Georgia,2010,18.98
Georgia,2011,17.5
Georgia,2012,14.735
Georgia,2013,11.49
Georgia,2014,9.065
Georgia,2015,7.74
Georgia,2016,7.705
Georgia,2017,8.665
Georgia,2018,8.28
Georgia,2019,7.275
Georgia,2020,8.905
Georgia,2021,8.145
Georgia,2022,5.985
Georgia,2023,4.045
Georgia,2024,2.9699999999999998
Germany,1991,0.0
Germany,1992,0.1
Germany,1993,0.0
Germany,1994,0.2
Germany,1995,0.225
Germany,1996,0.0
Germany,1997,0.0
Germany,1998,0.0
Germany,1999,0.0
Germany,2000,0.0
Germany,2001,0.0
Germany,2002,0.0
Germany,2003,0.1
Germany,2004,0.0
Germany,2005,0.0
Germany,2006,0.0
Germany,2007,0.0
Germany,2008,0.0
Germany,2009,0.0
Germany,2010,0.0
Germany,2011,0.0
Germany,2012,0.0
Germany,2013,0.0
Germany,2014,0.0
Germany,2015,0.0
Germany,2016,0.0
Germany,2017,0.22
Germany,2018,0.0
Germany,2019,0.225
Germany,2020,0.22
Ghana,1987,68.295
Ghana,1988,67.53
Ghana,1991,72.285
Ghana,1998,56.974999999999994
Ghana,2005,51.685
Ghana,2012,33.745
Ghana,2016,32.105000000000004
Greece,1995,1.8699999999999999
Greece,2000,0.22
Greece,2002,0.22
Greece,2003,0.55
Greece,2004,0.77
Greece,2005,0.37
Greece,2006,0.625
Greece,2007,0.55
Greece,2008,0.37
Greece,2009,0.615
Greece,2010,1.0350000000000001
Greece,2011,1.31
Greece,2012,1.78
Greece,2013,1.23
Greece,2014,1.755
Greece,2015,1.685
Greece,2016,1.22
Greece,2017,0.985
Greece,2018,0.16999999999999996
Greece,2019,0.845
Greece,2020,0.9550000000000001
Greece,2021,0.635
Greece,2022,0.56
Greece,2023,0.51
Grenada,2018,0.56
Guatemala,1986,48.55
Guatemala,1989,36.05
Guatemala,1998,14.05
Guatemala,2000,9.205
Guatemala,2006,11.075
Guatemala,2014,8.76
Guatemala,2023,10.295
Guinea,1991,87.185
Guinea,1994,39.355000000000004
Guinea,2002,51.82
Guinea,2007,46.065
Guinea,2012,22.92
Guinea,2018,12.76
Guinea-Bissau,1991,46.58
Guinea-Bissau,1993,47.515
Guinea-Bissau,2002,60.685
Guinea-Bissau,2010,71.195
Guinea-Bissau,2018,29.380000000000003
Guinea-Bissau,2021,32.93
Guyana,1992,31.339999999999996
Guyana,1998,12.45
Haiti,2001,71.465
Haiti,2012,42.49
Honduras,1989,44.730000000000004
Honduras,1990,46.85
Honduras,1991,36.035
Honduras,1992,31.735
Honduras,1993,26.365000000000002
Honduras,1994,28.6
Honduras,1995,30.314999999999998
Honduras,1996,33.375
Honduras,1997,23.545
Honduras,1998,28.419999999999998
Honduras,1999,28.515
Honduras,2001,23.17
Honduras,2002,25.5
Honduras,2003,30.25
Honduras,2004,29.365000000000002
Honduras,2005,28.185000000000002
Honduras,2006,24.22
Honduras,2007,18.82
Honduras,2008,18.07
Honduras,2009,15.21
Honduras,2010,16.700000000000003
Honduras,2011,17.21
Honduras,2012,20.494999999999997
Honduras,2013,17.685000000000002
Honduras,2014,16.94
Honduras,2015,16.439999999999998
Honduras,2016,17.19
Honduras,2017,16.575
Honduras,2018,16.995
Honduras,2019,15.770000000000001
Honduras,2023,14.559999999999999
Honduras,2024,13.57
Hungary,1987,0.0
Hungary,1989,0.0
Hungary,1991,1.94
Hungary,1993,0.0
Hungary,1994,1.5699999999999998
Hungary,1998,0.225
Hungary,1999,0.3266666666666666
Hungary,2000,0.08
Hungary,2001,0.0
Hungary,2002,0.05
Hungary,2003,0.11
Hungary,2004,0.13333333333333333
Hungary,2005,0.5733333333333334
Hungary,2006,0.1133333333333333
Hungary,2007,0.11666666666666665
Hungary,2008,0.060000000000000005
Hungary,2009,0.08
Hungary,2010,0.13499999999999995
Hungary,2011,0.14500000000000002
Hungary,2012,0.41500000000000004
Hungary,2013,0.33999999999999997
Hungary,2014,0.8300000000000001
Hungary,2015,0.815
Hungary,2016,1.475
Hungary,2017,0.755
IDA total,1989,63.1
IDA total,1990,63.3
IDA total,1991,62.9
IDA total,1992,62.0
IDA total,1993,62.3
IDA total,1994,61.2
IDA total,1995,60.7
IDA total,1996,59.5
IDA total,1997,58.9
IDA total,1998,58.9
IDA total,1999,58.9
IDA total,2000,58.5
IDA total,2001,57.8
IDA total,2002,57.1
IDA total,2003,55.3
IDA total,2004,51.9
IDA total,2005,50.0
IDA total,2006,48.3
IDA total,2007,46.5
IDA total,2008,44.3
IDA total,2009,43.8
IDA total,2010,41.8
IDA total,2011,40.8
IDA total,2012,39.6
IDA total,2013,37.1
IDA total,2014,36.3
IDA total,2015,36.0
IDA total,2016,35.6
IDA total,2017,34.7
IDA total,2018,34.1
IDA total,2019,33.8
IDA total,2020,35.3
IDA total,2021,35.5
IDA total,2022,35.1
IDA total,2023,35.2
IDA total,2024,35.0
Iceland,2003,0.0
Iceland,2004,0.18499999999999994
Iceland,2005,0.02
Iceland,2006,0.175
Iceland,2007,0.09
Iceland,2008,0.08
Iceland,2009,0.1
Iceland,2010,0.125
Iceland,2011,0.16
Iceland,2012,0.015
Iceland,2013,0.07500000000000001
Iceland,2014,0.0
Iceland,2015,0.015
Iceland,2016,0.0
Iceland,2017,0.0
Iceland,2018,0.27
Iceland,2019,0.09
India,1977,53.290000000000006
India,1983,44.474999999999994
India,1987,45.18
India,1993,40.55
India,2004,39.475
India,2009,28.55
India,2011,21.660000000000004
India,2022,3.825
Indonesia,1984,80.25
Indonesia,1987,80.685
Indonesia,1990,70.185
Indonesia,1993,69.595
Indonesia,1996,58.724999999999994
Indonesia,1998,75.555
Indonesia,1999,55.095
Indonesia,2000,54.77
Indonesia,2001,51.32
Indonesia,2002,35.125
Indonesia,2003,34.16
Indonesia,2004,34.82
Indonesia,2005,30.615000000000002
Indonesia,2006,36.48
Indonesia,2007,31.325000000000003
Indonesia,2008,28.595
Indonesia,2009,28.375
Indonesia,2010,25.28
Indonesia,2011,22.65
Indonesia,2012,18.59
Indonesia,2013,19.005
Indonesia,2014,17.689999999999998
Indonesia,2015,15.025000000000002
Indonesia,2016,12.335
Indonesia,2017,9.55
Indonesia,2018,8.455
Indonesia,2019,7.08
Indonesia,2020,6.315
Indonesia,2021,5.7299999999999995
Indonesia,2022,5.04
Indonesia,2023,4.26
Indonesia,2024,3.33
"Iran, Islamic Rep.",1986,15.52
"Iran, Islamic Rep.",1990,15.205000000000002
"Iran, Islamic Rep.",1994,10.01
"Iran, Islamic Rep.",1998,9.745
"Iran, Islamic Rep.",2005,2.76
"Iran, Islamic Rep.",2006,2.675
"Iran, Islamic Rep.",2009,3.1950000000000003
"Iran, Islamic Rep.",2011,1.4
"Iran, Islamic Rep.",2012,1.025
"Iran, Islamic Rep.",2013,1.095
"Iran, Islamic Rep.",2014,1.96
"Iran, Islamic Rep.",2015,1.7
"Iran, Islamic Rep.",2016,1.7249999999999999
"Iran, Islamic Rep.",2017,1.5150000000000001
"Iran, Islamic Rep.",2018,1.935
"Iran, Islamic Rep.",2019,2.5149999999999997
"Iran, Islamic Rep.",2020,2.7049999999999996
"Iran, Islamic Rep.",2021,2.1750000000000003
"Iran, Islamic Rep.",2022,1.6349999999999998
"Iran, Islamic Rep.",2023,1.455
Iraq,2006,0.32
Iraq,2012,0.345
Iraq,2023,0.305
Ireland,1987,0.945
Ireland,1994,0.33
Ireland,1995,0.33999999999999997
Ireland,1996,0.21000000000000002
Ireland,2000,0.19
Ireland,2002,0.22
Ireland,2003,0.165
Ireland,2004,0.07500000000000001
Ireland,2005,0.060000000000000005
Ireland,2006,0.45
Ireland,2007,0.1
Ireland,2008,0.19
Ireland,2009,0.5449999999999999
Ireland,2010,0.62
Ireland,2011,0.62
Ireland,2012,0.41999999999999993
Ireland,2013,0.69
Ireland,2014,0.39499999999999996
Ireland,2015,0.385
Ireland,2016,0.215
Ireland,2017,0.27
Ireland,2018,0.05
Ireland,2019,0.07500000000000001
Ireland,2020,0.16999999999999996
Ireland,2021,0.115
Ireland,2022,0.16
Ireland,2023,0.08499999999999995
Israel,1979,0.2
Israel,1986,0.37
Israel,1992,0.21000000000000002
Israel,1997,0.375
Israel,2001,0.225
Israel,2002,0.59
Israel,2003,0.6799999999999999
Israel,2004,0.75
Israel,2005,0.74
Israel,2006,0.36
Israel,2007,0.495
Israel,2008,0.59
Israel,2009,0.595
Israel,2010,0.48
Israel,2011,0.26499999999999996
Israel,2012,0.595
Israel,2013,0.485
Israel,2014,0.595
Israel,2015,0.495
Israel,2016,0.37
Israel,2017,0.58
Israel,2018,0.6
Israel,2019,0.865
Israel,2020,0.575
Israel,2021,0.47
Italy,1977,0.21499999999999997
Italy,1978,0.49
Italy,1979,0.495
Italy,1980,0.21499999999999997
Italy,1981,0.1
Italy,1982,0.1
Italy,1983,0.21000000000000002
Italy,1984,0.1
Italy,1986,0.225
Italy,1987,1.1
Italy,1989,0.0
Italy,1991,0.21499999999999997
Italy,1993,1.325
Italy,1995,0.72
Italy,1998,1.7199999999999998
Italy,2000,1.225
Italy,2002,1.6
Italy,2003,0.835
Italy,2004,0.7
Italy,2005,0.7250000000000001
Italy,2006,0.7250000000000001
Italy,2007,0.74
Italy,2008,0.8
Italy,2009,1.0050000000000001
Italy,2010,1.335
Italy,2011,1.23
Italy,2012,1.2999999999999998
Italy,2013,1.485
Italy,2014,1.315
Italy,2015,2.025
Italy,2016,1.7149999999999999
Italy,2017,1.46
Italy,2018,1.58
Italy,2019,0.995
Italy,2020,0.865
Italy,2021,0.855
Italy,2022,0.675
Italy,2023,0.88
Jamaica,1988,9.18
Jamaica,1990,7.24
Jamaica,1993,14.295
Jamaica,1996,5.430000000000001
Jamaica,1999,4.005
Jamaica,2002,4.265000000000001
Jamaica,2004,2.84
Jamaica,2018,0.23
Jamaica,2021,0.855
Japan,2008,0.875
Japan,2009,0.825
Japan,2010,0.595
Japan,2011,0.35
Japan,2012,1.33
Japan,2013,0.865
Japan,2014,0.595
Japan,2015,0.4
Japan,2016,0.585
Japan,2017,0.55
Japan,2018,0.865
Japan,2019,1.035
Japan,2020,1.0699999999999998
Jordan,1986,0.0
Jordan,1992,0.55
Jordan,1997,0.0
Jordan,2002,0.6
Jordan,2006,0.195
Jordan,2008,0.055
Jordan,2010,0.07
Kazakhstan,1993,11.49
Kazakhstan,1996,11.27
Kazakhstan,2001,16.73
Kazakhstan,2002,12.52
Kazakhstan,2003,9.22
Kazakhstan,2004,5.45
Kazakhstan,2005,11.605
Kazakhstan,2006,1.7
Kazakhstan,2007,0.745
Kazakhstan,2008,0.52
Kazakhstan,2009,0.52
Kazakhstan,2010,0.35
Kazakhstan,2011,0.13499999999999995
Kazakhstan,2012,0.07
Kazakhstan,2013,0.065
Kazakhstan,2014,0.060000000000000005
Kazakhstan,2015,0.07
Kazakhstan,2016,0.125
Kazakhstan,2017,0.07
Kazakhstan,2018,0.060000000000000005
Kazakhstan,2019,0.060000000000000005
Kazakhstan,2020,0.005
Kazakhstan,2021,0.01
Kenya,1992,29.225
Kenya,1994,28.939999999999998
Kenya,1997,28.995
Kenya,2005,40.635000000000005
Kenya,2015,33.535000000000004
Kenya,2020,39.72
Kenya,2021,41.275
Kenya,2022,41.56
Kiribati,2006,17.665
Kiribati,2019,3.8899999999999997
"Korea, Rep.",2006,0.375
"Korea, Rep.",2008,0.37
"Korea, Rep.",2010,0.5
"Korea, Rep.",2012,0.375
"Korea, Rep.",2014,0.22
"Korea, Rep.",2016,0.225
"Korea, Rep.",2017,0.22
"Korea, Rep.",2018,0.225
"Korea, Rep.",2019,0.1
"Korea, Rep.",2020,0.0
"Korea, Rep.",2021,0.1
Kosovo,2003,7.05
Kosovo,2005,9.255
Kosovo,2006,8.79
Kosovo,2009,6.955
Kosovo,2010,6.745
Kosovo,2011,4.24
Kosovo,2012,2.3649999999999998
Kosovo,2013,1.325
Kosovo,2014,2.2199999999999998
Kosovo,2015,1.5899999999999999
Kosovo,2016,1.38
Kosovo,2017,8.799999999999999
Kosovo,2018,18.09
Kosovo,2019,9.05
Kosovo,2020,14.835
Kosovo,2021,22.52
Kosovo,2022,8.39
Kyrgyz Republic,1998,36.06
Kyrgyz Republic,2000,52.19
Kyrgyz Republic,2001,47.43
Kyrgyz Republic,2002,44.625
Kyrgyz Republic,2003,41.15
Kyrgyz Republic,2004,22.04
Kyrgyz Republic,2005,25.085
Kyrgyz Republic,2006,17.185
Kyrgyz Republic,2007,16.025
Kyrgyz Republic,2008,8.555
Kyrgyz Republic,2009,5.675000000000001
Kyrgyz Republic,2010,8.06
Kyrgyz Republic,2011,5.28
Kyrgyz Republic,2012,6.5649999999999995
Kyrgyz Republic,2013,8.06
Kyrgyz Republic,2014,4.575
Kyrgyz Republic,2015,6.59
Kyrgyz Republic,2016,4.57
Kyrgyz Republic,2017,4.734999999999999
Kyrgyz Republic,2018,3.3200000000000003
Kyrgyz Republic,2019,2.7800000000000002
Kyrgyz Republic,2020,5.365
Kyrgyz Republic,2021,3.1599999999999997
Kyrgyz Republic,2022,2.405
Kyrgyz Republic,2023,1.48
Lao PDR,1992,32.9
Lao PDR,1997,52.6
Lao PDR,2002,34.235
Lao PDR,2007,27.775
Lao PDR,2012,16.295
Lao PDR,2018,11.42
Latin America & Caribbean,1981,19.9
Latin America & Caribbean,1982,20.6
Latin America & Caribbean,1983,23.8
Latin America & Caribbean,1984,23.4
Latin America & Caribbean,1985,21.8
Latin America & Caribbean,1986,16.6
Latin America & Caribbean,1987,19.5
Latin America & Caribbean,1988,20.0
Latin America & Caribbean,1989,19.2
Latin America & Caribbean,1990,20.7
Latin America & Caribbean,1991,20.1
Latin America & Caribbean,1992,20.2
Latin America & Caribbean,1993,20.1
Latin America & Caribbean,1994,19.5
Latin America & Caribbean,1995,18.5
Latin America & Caribbean,1996,19.9
Latin America & Caribbean,1997,19.4
Latin America & Caribbean,1998,19.2
Latin America & Caribbean,1999,19.5
Latin America & Caribbean,2000,18.1
Latin America & Caribbean,2001,17.9
Latin America & Caribbean,2002,17.1
Latin America & Caribbean,2003,16.6
Latin America & Caribbean,2004,15.3
Latin America & Caribbean,2005,14.2
Latin America & Caribbean,2006,12.0
Latin America & Caribbean,2007,10.8
Latin America & Caribbean,2008,9.9
Latin America & Caribbean,2009,9.5
Latin America & Caribbean,2010,8.5
Latin America & Caribbean,2011,7.7
Latin America & Caribbean,2012,7.4
Latin America & Caribbean,2013,6.7
Latin America & Caribbean,2014,6.3
Latin America & Caribbean,2015,5.9
Latin America & Caribbean,2016,6.1
Latin America & Caribbean,2017,6.0
Latin America & Caribbean,2018,5.9
Latin America & Caribbean,2019,6.0
Latin America & Caribbean,2020,5.6
Latin America & Caribbean,2021,6.3
Latin America & Caribbean,2022,5.0
Latin America & Caribbean,2023,4.6
Latin America & Caribbean,2024,4.5
Latvia,1993,0.0
Latvia,1995,1.115
Latvia,1996,2.785
Latvia,1997,2.85
Latvia,1998,2.53
Latvia,2002,1.1099999999999999
Latvia,2003,1.05
Latvia,2004,2.1566666666666667
Latvia,2005,2.73
Latvia,2006,1.725
Latvia,2007,0.48666666666666664
Latvia,2008,0.9700000000000001
Latvia,2009,1.55
Latvia,2010,2.165
Latvia,2011,1.365
Latvia,2012,1.2349999999999999
Latvia,2013,1.335
Latvia,2014,0.9450000000000001
Latvia,2015,0.825
Latvia,2016,0.825
Latvia,2017,0.9
Latvia,2018,0.48
Latvia,2019,0.27
Latvia,2020,0.48
Latvia,2021,0.45
Latvia,2022,0.37
Latvia,2023,0.39499999999999996
Lebanon,2011,0.05
Lebanon,2022,3.0900000000000003
Lesotho,1986,58.4
Lesotho,1994,56.645
Lesotho,2002,70.6
Lesotho,2017,37.15
Liberia,2007,57.225
Liberia,2014,28.814999999999998
Liberia,2016,30.61
Lithuania,1993,10.46
Lithuania,1996,0.1
Lithuania,1998,0.66
Lithuania,1999,0.795
Lithuania,2000,0.725
Lithuania,2001,1.09
Lithuania,2002,0.95
Lithuania,2003,0.29500000000000004
Lithuania,2004,2.2666666666666666
Lithuania,2005,2.24
Lithuania,2006,1.6600000000000001
Lithuania,2007,1.4700000000000002
Lithuania,2008,1.1133333333333333
Lithuania,2009,2.47
Lithuania,2010,1.7650000000000001
Lithuania,2011,0.8
Lithuania,2012,1.025
Lithuania,2013,0.9550000000000001
Lithuania,2014,1.48
Lithuania,2015,0.86
Lithuania,2016,1.385
Lithuania,2017,1.1099999999999999
Lithuania,2018,0.9650000000000001
Lithuania,2019,0.575
Lithuania,2020,0.345
Lithuania,2021,0.275
Lithuania,2022,0.78
Lithuania,2023,0.9950000000000001
Low & middle income,1981,62.3
Low & middle income,1982,61.5
Low & middle income,1983,60.5
Low & middle income,1984,59.5
Low & middle income,1985,58.2
Low & middle income,1986,56.9
Low & middle income,1987,56.1
Low & middle income,1988,54.4
Low & middle income,1989,56.2
Low & middle income,1990,55.6
Low & middle income,1991,55.0
Low & middle income,1992,53.9
Low & middle income,1993,53.0
Low & middle income,1994,51.0
Low & middle income,1995,49.2
Low & middle income,1996,47.5
Low & middle income,1997,47.1
Low & middle income,1998,47.3
Low & middle income,1999,46.4
Low & middle income,2000,45.1
Low & middle income,2001,43.9
Low & middle income,2002,41.8
Low & middle income,2003,39.8
Low & middle income,2004,37.5
Low & middle income,2005,35.1
Low & middle income,2006,33.4
Low & middle income,2007,31.2
Low & middle income,2008,29.7
Low & middle income,2009,28.3
Low & middle income,2010,25.7
Low & middle income,2011,23.4
Low & middle income,2012,21.7
Low & middle income,2013,18.8
Low & middle income,2014,17.5
Low & middle income,2015,16.1
Low & middle income,2016,15.0
Low & middle income,2017,14.0
Low & middle income,2018,13.2
Low & middle income,2019,12.7
Low & middle income,2020,13.4
Low & middle income,2021,13.1
Low & middle income,2022,12.5
Low & middle income,2023,12.2
Low & middle income,2024,12.0
Luxembourg,1985,0.0
Luxembourg,1986,0.0
Luxembourg,1987,0.0
Luxembourg,1988,0.0
Luxembourg,1989,0.0
Luxembourg,1990,0.0
Luxembourg,1991,0.0
Luxembourg,1992,0.0
Luxembourg,1993,0.0
Luxembourg,1994,0.0
Luxembourg,1995,0.0
Luxembourg,1996,0.0
Luxembourg,1997,0.0
Luxembourg,1998,0.0
Luxembourg,1999,0.0
Luxembourg,2000,0.0
Luxembourg,2001,0.0
Luxembourg,2002,0.0
Luxembourg,2003,0.08499999999999995
Luxembourg,2004,0.01
Luxembourg,2005,0.015
Luxembourg,2006,0.0
Luxembourg,2007,0.01
Luxembourg,2008,0.0
Luxembourg,2009,0.02
Luxembourg,2010,0.0
Luxembourg,2011,0.11
Luxembourg,2012,0.02
Luxembourg,2013,0.095
Luxembourg,2014,0.16999999999999996
Luxembourg,2015,0.3
Luxembourg,2016,0.11
Luxembourg,2017,0.2899999999999999
Luxembourg,2018,0.2899999999999999
Luxembourg,2019,0.1
Luxembourg,2020,0.0
Luxembourg,2021,0.07500000000000001
Luxembourg,2022,0.09
Luxembourg,2023,0.07500000000000001
Madagascar,1980,55.2
Madagascar,1993,78.175
Madagascar,1997,75.035
Madagascar,1999,72.685
Madagascar,2001,56.03
Madagascar,2005,53.85
Madagascar,2010,64.22999999999999
Madagascar,2012,66.37
Madagascar,2021,60.760000000000005
Malawi,1997,61.525
Malawi,2004,71.63
Malawi,2010,70.66
Malawi,2016,68.72
Malawi,2019,72.73
Malaysia,1984,4.69
Malaysia,1987,3.7750000000000004
Malaysia,1989,2.81
Malaysia,1992,3.0
Malaysia,1995,3.325
Malaysia,1997,0.85
Malaysia,2003,2.385
Malaysia,2006,1.2349999999999999
Malaysia,2008,1.1
Malaysia,2011,0.26999999999999996
Malaysia,2013,0.065
Malaysia,2015,0.060000000000000005
Malaysia,2018,0.005
Malaysia,2021,0.0
Maldives,2002,12.705
Maldives,2009,8.435
Maldives,2016,0.05
Maldives,2019,0.0
Mali,1994,86.95
Mali,2001,62.875
Mali,2006,56.84
Mali,2009,55.735
Mali,2018,22.31
Mali,2021,28.475
Malta,2006,0.505
Malta,2007,0.45499999999999996
Malta,2008,0.155
Malta,2009,0.46499999999999997
Malta,2010,0.26
Malta,2011,0.195
Malta,2012,0.16
Malta,2013,0.015
Malta,2014,0.0
Malta,2015,0.09
Malta,2016,0.095
Malta,2017,0.18
Malta,2018,0.15000000000000002
Malta,2019,0.3
Malta,2020,0.33
Malta,2021,0.095
Malta,2022,0.09
Marshall Islands,2019,1.475
Mauritania,1987,46.09
Mauritania,1993,48.480000000000004
Mauritania,1995,26.765
Mauritania,2000,26.095
Mauritania,2004,23.314999999999998
Mauritania,2008,15.53
Mauritania,2014,9.094999999999999
Mauritania,2019,7.7749999999999995
Mauritius,2006,0.7050000000000001
Mauritius,2012,0.755
Mauritius,2017,0.315
Mexico,1984,11.655
Mexico,1989,11.754999999999999
Mexico,1992,10.585
Mexico,1994,10.765
Mexico,1996,17.83
Mexico,1998,18.57
Mexico,2000,13.49
Mexico,2002,10.16
Mexico,2004,9.075
Mexico,2005,9.75
Mexico,2006,7.175
Mexico,2008,8.04
Mexico,2010,6.550000000000001
Mexico,2012,5.75
Mexico,2014,5.59
Mexico,2016,3.3600000000000003
Mexico,2018,2.8899999999999997
Mexico,2020,3.215
Mexico,2022,1.7399999999999998
"Micronesia, Fed. Sts.",2005,12.18
"Micronesia, Fed. Sts.",2013,21.065
Middle East and North Africa,1984,36.2
Middle East and North Africa,1985,35.7
Middle East and North Africa,1986,35.5
Middle East and North Africa,1987,35.6
Middle East and North Africa,1988,35.1
Middle East and North Africa,1989,34.9
Middle East and North Africa,1990,34.2
Middle East and North Africa,1991,32.0
Middle East and North Africa,1992,28.2
Middle East and North Africa,1993,28.3
Middle East and North Africa,1994,25.7
Middle East and North Africa,1995,25.3
Middle East and North Africa,1996,23.1
Middle East and North Africa,1997,22.7
Middle East and North Africa,1998,23.1
Middle East and North Africa,1999,23.4
Middle East and North Africa,2000,23.8
Middle East and North Africa,2001,24.6
Middle East and North Africa,2002,24.1
Middle East and North Africa,2003,22.2
Middle East and North Africa,2004,19.9
Middle East and North Africa,2005,18.8
Middle East and North Africa,2006,17.6
Middle East and North Africa,2007,16.7
Middle East and North Africa,2008,14.6
Middle East and North Africa,2009,15.2
Middle East and North Africa,2010,13.3
Middle East and North Africa,2011,13.0
Middle East and North Africa,2012,12.3
Middle East and North Africa,2013,11.6
Middle East and North Africa,2014,11.5
Middle East and North Africa,2015,11.3
Middle East and North Africa,2016,11.3
Middle East and North Africa,2017,11.0
Middle East and North Africa,2018,11.0
Middle East and North Africa,2019,11.4
Moldova,1997,16.055
Moldova,1998,27.975
Moldova,1999,38.754999999999995
Moldova,2000,36.04
Moldova,2001,27.730000000000004
Moldova,2002,16.73
Moldova,2003,7.805
Moldova,2004,9.075
Moldova,2005,13.735
Moldova,2006,2.6799999999999997
Moldova,2007,1.275
Moldova,2008,1.33
Moldova,2009,1.08
Moldova,2010,0.605
Moldova,2011,0.36
Moldova,2012,0.31999999999999995
Moldova,2013,0.065
Moldova,2014,0.0
Moldova,2015,0.065
Moldova,2016,0.155
Moldova,2017,0.05
Moldova,2018,0.0
Moldova,2019,0.015
Moldova,2020,0.0
Moldova,2021,0.1
Moldova,2022,0.0
Moldova,2023,0.05
Mongolia,1995,18.43
Mongolia,1998,34.075
Mongolia,2002,15.155
Mongolia,2007,2.85
Mongolia,2010,2.32
Mongolia,2011,1.53
Mongolia,2012,0.785
Mongolia,2014,0.5650000000000001
Mongolia,2016,1.305
Mongolia,2018,1.205
Mongolia,2022,0.31
Montenegro,2005,0.31499999999999995
Montenegro,2006,0.2
Montenegro,2007,0.38
Montenegro,2008,0.195
Montenegro,2009,0.0
Montenegro,2010,0.0
Montenegro,2011,0.305
Montenegro,2012,3.296666666666667
Montenegro,2013,3.09
Montenegro,2014,1.843333333333333
Montenegro,2015,2.475
Montenegro,2016,2.885
Montenegro,2017,3.955
Montenegro,2018,3.37
Montenegro,2019,2.25
Montenegro,2020,1.985
Montenegro,2021,2.24
Morocco,1984,17.799999999999997
Morocco,1990,7.965
Morocco,1998,12.940000000000001
Morocco,2000,12.365
Morocco,2006,6.82
Morocco,2013,2.5700000000000003
Mozambique,1996,85.19
Mozambique,2002,84.095
Mozambique,2008,75.94999999999999
Mozambique,2014,69.52000000000001
Mozambique,2019,77.62
Mozambique,2022,77.14500000000001
Myanmar,2015,12.209999999999999
Myanmar,2017,6.1450000000000005
Namibia,1993,56.91
Namibia,2003,41.730000000000004
Namibia,2009,32.77
Namibia,2015,19.259999999999998
Nauru,2012,5.91
Nepal,1984,75.58
Nepal,1995,62.93
Nepal,2003,48.005
Nepal,2010,14.870000000000001
Nepal,2022,1.385
Netherlands,1983,0.58
Netherlands,1987,0.375
Netherlands,1990,1.075
Netherlands,1993,1.375
Netherlands,1999,0.2
Netherlands,2004,0.27
Netherlands,2005,0.125
Netherlands,2006,0.025
Netherlands,2007,0.015
Netherlands,2008,0.165
Netherlands,2009,0.155
Netherlands,2010,0.025
Netherlands,2011,0.1
Netherlands,2012,0.09
Netherlands,2013,0.095
Netherlands,2014,0.08
Netherlands,2015,0.08
Netherlands,2016,0.07500000000000001
Netherlands,2017,0.195
Netherlands,2018,0.1
Netherlands,2019,0.1
Netherlands,2020,0.015
Netherlands,2021,0.08499999999999995
Nicaragua,1993,36.15
Nicaragua,1998,26.00666666666667
Nicaragua,2001,20.96666666666667
Nicaragua,2005,14.286666666666667
Nicaragua,2009,11.09
Nicaragua,2014,5.27
Niger,1992,86.18
Niger,1994,87.21000000000001
Niger,2005,82.15
Niger,2007,80.89500000000001
Niger,2011,64.68
Niger,2014,56.93
Niger,2018,54.955
Niger,2021,55.555
Nigeria,1985,49.46
Nigeria,1992,53.775000000000006
Nigeria,1996,59.66
Nigeria,2003,49.49
Nigeria,2010,36.695
Nigeria,2012,35.614999999999995
Nigeria,2015,34.03
Nigeria,2018,32.53
Nigeria,2022,39.89
North America,1981,0.5
North America,1982,0.6
North America,1983,0.6
North America,1984,0.5
North America,1985,0.5
North America,1986,0.6
North America,1987,0.5
North America,1988,0.4
North America,1989,0.5
North America,1990,0.5
North America,1991,0.5
North America,1992,0.5
North America,1993,0.6
North America,1994,0.6
North America,1995,0.6
North America,1996,0.5
North America,1997,0.6
North America,1998,0.7
North America,1999,0.6
North America,2000,0.6
North America,2001,0.8
North America,2002,0.7
North America,2003,0.8
North America,2004,0.9
North America,2005,0.9
North America,2006,0.9
North America,2007,0.8
North America,2008,0.9
North America,2009,0.8
North America,2010,0.9
North America,2011,0.9
North America,2012,0.9
North America,2013,0.9
North America,2014,1.1
North America,2015,1.0
North America,2016,1.0
North America,2017,1.1
North America,2018,0.9
North America,2019,0.8
North America,2020,0.3
North America,2021,0.2
North America,2022,1.1
North America,2023,1.0
North America,2024,1.0
North Macedonia,1998,2.2199999999999998
North Macedonia,2000,8.46
North Macedonia,2002,2.23
North Macedonia,2003,2.02
North Macedonia,2004,1.085
North Macedonia,2005,2.3
North Macedonia,2006,3.7199999999999998
North Macedonia,2008,1.02
North Macedonia,2009,10.934999999999999
North Macedonia,2010,11.625
North Macedonia,2011,9.995000000000001
North Macedonia,2012,8.004999999999999
North Macedonia,2013,6.315
North Macedonia,2014,5.46
North Macedonia,2015,6.25
North Macedonia,2016,4.970000000000001
North Macedonia,2017,5.045
North Macedonia,2018,3.85
North Macedonia,2019,3.2800000000000002
Norway,1979,0.21499999999999997
Norway,1986,0.22
Norway,1991,0.49
Norway,1995,0.495
Norway,2000,0.22
Norway,2003,0.2
Norway,2004,0.28
Norway,2005,0.2
Norway,2006,0.165
Norway,2007,0.165
Norway,2008,0.21499999999999997
Norway,2009,0.095
Norway,2010,0.175
Norway,2011,0.1
Norway,2012,0.11
Norway,2013,0.165
Norway,2014,0.10500000000000001
Norway,2015,0.18499999999999994
Norway,2016,0.2899999999999999
Norway,2017,0.295
Norway,2018,0.275
Norway,2019,0.18
Norway,2020,0.2899999999999999
Norway,2021,0.175
Norway,2022,0.295
Norway,2023,0.18
Pakistan,1987,73.97
Pakistan,1990,72.305
Pakistan,1996,33.795
Pakistan,1998,40.04
Pakistan,2001,44.74
Pakistan,2004,30.55
Pakistan,2005,30.549999999999997
Pakistan,2007,24.9
Pakistan,2010,18.04
Pakistan,2011,17.744999999999997
Pakistan,2013,14.28
Pakistan,2015,11.004999999999999
Pakistan,2018,10.715
Panama,1979,10.925
Panama,1989,26.14
Panama,1991,23.605
Panama,1995,18.29
Panama,1997,17.06
Panama,1998,17.130000000000003
Panama,1999,14.989999999999998
Panama,2000,13.685
Panama,2001,17.43
Panama,2002,13.379999999999999
Panama,2003,13.36
Panama,2004,12.145
Panama,2005,11.53
Panama,2006,12.545
Panama,2007,9.835
Panama,2008,6.535
Panama,2009,4.5649999999999995
Panama,2010,5.545
Panama,2011,4.275
Panama,2012,5.4350000000000005
Panama,2013,4.07
Panama,2014,4.6450000000000005
Panama,2015,3.155
Panama,2016,3.16
Panama,2017,3.2
Panama,2018,2.555
Panama,2019,1.95
Panama,2021,2.205
Panama,2023,2.495
Panama,2024,1.965
Papua New Guinea,1996,57.72
Papua New Guinea,2009,45.94
Paraguay,1990,1.8450000000000002
Paraguay,1995,15.350000000000001
Paraguay,1997,12.725000000000001
Paraguay,1999,12.605
Paraguay,2001,11.219999999999999
Paraguay,2002,16.42
Paraguay,2003,11.05
Paraguay,2004,8.205
Paraguay,2005,8.084999999999999
Paraguay,2006,11.025
Paraguay,2007,10.219999999999999
Paraguay,2008,6.11
Paraguay,2009,7.4350000000000005
Paraguay,2010,7.43
Paraguay,2011,6.9750000000000005
Paraguay,2012,4.865
Paraguay,2013,2.945
Paraguay,2014,3.355
Paraguay,2015,3.045
Paraguay,2016,2.9450000000000003
Paraguay,2017,1.69
Paraguay,2018,2.255
Paraguay,2019,1.705
Paraguay,2020,1.705
Paraguay,2021,1.295
Paraguay,2022,2.365
Paraguay,2023,1.755
Paraguay,2024,1.48
Peru,1985,4.86
Peru,1994,21.555
Peru,1997,23.369999999999997
Peru,1998,22.575
Peru,1999,22.82
Peru,2000,22.384999999999998
Peru,2001,23.825
Peru,2002,20.974999999999998
Peru,2003,18.58
Peru,2004,19.905
Peru,2005,21.605
Peru,2006,18.7
Peru,2007,16.06
Peru,2008,13.36
Peru,2009,11.254999999999999
Peru,2010,9.01
Peru,2011,8.4
Peru,2012,7.79
Peru,2013,7.0
Peru,2014,6.41
Peru,2015,6.359999999999999
Peru,2016,6.05
Peru,2017,5.9
Peru,2018,4.835
Peru,2019,4.19
Peru,2020,8.06
Peru,2021,3.9850000000000003
Peru,2022,3.73
Peru,2023,4.5600000000000005
Peru,2024,3.9699999999999998
Philippines,1985,36.015
Philippines,1988,33.38
Philippines,1991,33.900000000000006
Philippines,1994,32.19
Philippines,1997,24.43
Philippines,2000,18.459999999999997
Philippines,2003,17.176666666666666
Philippines,2006,18.78
Philippines,2009,14.806666666666667
Philippines,2012,14.910000000000002
Philippines,2015,9.793333333333335
Philippines,2018,5.453333333333333
Philippines,2021,5.946666666666666
Philippines,2023,3.6766666666666663
Poland,1985,0.0
Poland,1986,0.375
Poland,1987,0.0
Poland,1989,0.0
Poland,1992,0.21000000000000002
Poland,1993,0.0
Poland,1995,2.12
Poland,1996,5.78
Poland,1998,0.115
Poland,1999,0.5233333333333333
Poland,2000,0.21999999999999995
Poland,2001,0.245
Poland,2002,0.19
Poland,2003,0.14
Poland,2004,1.6933333333333334
Poland,2005,0.8333333333333334
Poland,2006,0.5333333333333333
Poland,2007,0.3666666666666667
Poland,2008,0.16333333333333333
Poland,2009,0.33
Poland,2010,0.32
Poland,2011,0.3233333333333333
Poland,2012,0.20666666666666667
Poland,2013,0.3433333333333333
Poland,2014,0.33666666666666667
Poland,2015,0.31
Poland,2016,0.21333333333333335
Poland,2017,0.25
Poland,2018,0.18666666666666668
Poland,2019,0.05333333333333334
Poland,2020,0.16999999999999996
Poland,2021,0.10500000000000001
Poland,2022,0.255
Poland,2023,0.21499999999999997
Portugal,2003,1.0
Portugal,2004,0.62
Portugal,2005,0.62
Portugal,2006,0.14500000000000002
Portugal,2007,0.43
Portugal,2008,0.21999999999999995
Portugal,2009,0.18499999999999994
Portugal,2010,0.16999999999999996
Portugal,2011,0.5549999999999999
Portugal,2012,0.8
Portugal,2013,0.9299999999999999
Portugal,2014,0.675
Portugal,2015,0.59
Portugal,2016,0.385
Portugal,2017,0.405
Portugal,2018,0.345
Portugal,2019,0.175
Portugal,2020,0.5349999999999999
Portugal,2021,0.26499999999999996
Portugal,2022,0.18499999999999994
Portugal,2023,0.365
Qatar,2017,0.0
Romania,1989,0.0
Romania,1992,0.0
Romania,1994,14.215
Romania,1995,2.625
Romania,1997,3.225
Romania,1998,2.63
Romania,1999,8.115
Romania,2000,9.06
Romania,2001,6.970000000000001
Romania,2002,6.845000000000001
Romania,2003,5.09
Romania,2004,3.77
Romania,2005,2.9850000000000003
Romania,2006,6.796666666666667
Romania,2007,4.756666666666667
Romania,2008,3.3633333333333333
Romania,2009,2.81
Romania,2010,3.4899999999999998
Romania,2011,4.16
Romania,2012,4.87
Romania,2013,5.1066666666666665
Romania,2014,7.96
Romania,2015,6.435
Romania,2016,2.813333333333334
Romania,2017,4.085
Romania,2018,2.1233333333333335
Romania,2019,1.7533333333333332
Romania,2020,1.2699999999999998
Romania,2021,1.2533333333333332
Romania,2022,1.3
Romania,2023,0.6299999999999999
Russian Federation,1993,4.865
Russian Federation,1996,5.88
Russian Federation,1997,2.1100000000000003
Russian Federation,1998,3.1399999999999997
Russian Federation,1999,5.795
Russian Federation,2000,4.04
Russian Federation,2001,2.48
Russian Federation,2002,1.505
Russian Federation,2003,1.5950000000000002
Russian Federation,2004,1.4
Russian Federation,2005,1.085
Russian Federation,2006,0.67
Russian Federation,2007,0.30000000000000004
Russian Federation,2008,0.14500000000000002
Russian Federation,2009,0.13499999999999995
Russian Federation,2010,0.14
Russian Federation,2011,0.07
Russian Federation,2012,0.065
Russian Federation,2013,0.055
Russian Federation,2014,0.24
Russian Federation,2015,0.24
Russian Federation,2016,0.22666666666666668
Russian Federation,2017,0.23
Russian Federation,2018,0.12666666666666668
Russian Federation,2019,0.17666666666666667
Russian Federation,2020,0.06666666666666667
Russian Federation,2021,0.19
Russian Federation,2022,0.095
Russian Federation,2023,0.09
Rwanda,2000,78.755
Rwanda,2005,70.125
Rwanda,2010,64.705
Rwanda,2013,59.475
Rwanda,2016,57.905
Rwanda,2023,31.395000000000003
Samoa,2002,4.04
Samoa,2008,2.375
Samoa,2013,2.825
Sao Tome and Principe,2000,18.875
Sao Tome and Principe,2010,20.759999999999998
Sao Tome and Principe,2017,14.36
Senegal,1991,73.69999999999999
Senegal,1994,66.265
Senegal,2001,58.17
Senegal,2005,47.33
Senegal,2011,47.14
Senegal,2018,14.16
Senegal,2021,13.915
Serbia,2002,0.265
Serbia,2003,0.64
Serbia,2004,1.0
Serbia,2005,1.195
Serbia,2006,0.685
Serbia,2007,0.485
Serbia,2008,0.205
Serbia,2009,0.36999999999999994
Serbia,2010,0.2
Serbia,2012,6.22
Serbia,2013,4.623333333333333
Serbia,2014,7.91
Serbia,2015,5.04
Serbia,2016,7.23
Serbia,2017,5.995
Serbia,2018,2.3866666666666667
Serbia,2019,1.6933333333333334
Serbia,2020,1.7799999999999998
Serbia,2021,1.47
Serbia,2022,1.7650000000000001
Seychelles,1999,1.28
Seychelles,2006,0.485
Seychelles,2013,1.42
Seychelles,2018,0.605
Sierra Leone,2003,66.86500000000001
Sierra Leone,2011,46.2
Sierra Leone,2018,33.78
Slovak Republic,1992,0.0
Slovak Republic,1996,1.595
Slovak Republic,2004,0.11666666666666664
Slovak Republic,2005,0.21
Slovak Republic,2006,0.17666666666666664
Slovak Republic,2007,0.3233333333333333
Slovak Republic,2008,0.3033333333333333
Slovak Republic,2009,0.3499999999999999
Slovak Republic,2010,0.55
Slovak Republic,2011,0.51
Slovak Republic,2012,0.45
Slovak Republic,2013,0.33999999999999997
Slovak Republic,2014,0.79
Slovak Republic,2015,0.73
Slovak Republic,2016,1.44
Slovak Republic,2017,0.4149999999999999
Slovak Republic,2018,0.33499999999999996
Slovak Republic,2019,0.16
Slovak Republic,2020,0.255
Slovak Republic,2021,0.2
Slovak Republic,2022,0.61
Slovak Republic,2023,0.385
Slovenia,1987,0.0
Slovenia,1993,0.0
Slovenia,1997,0.1
Slovenia,1998,0.0
Slovenia,1999,0.1
Slovenia,2002,0.05
Slovenia,2003,0.0
Slovenia,2004,0.065
Slovenia,2005,0.1
Slovenia,2006,0.07500000000000001
Slovenia,2007,0.015
Slovenia,2008,0.0
Slovenia,2009,0.0
Slovenia,2010,0.005
Slovenia,2011,0.0
Slovenia,2012,0.015
Slovenia,2013,0.01
Slovenia,2014,0.0
Slovenia,2015,0.0
Slovenia,2016,0.0
Slovenia,2017,0.0
Slovenia,2018,0.0
Slovenia,2019,0.0
Slovenia,2020,0.0
Slovenia,2021,0.0
Slovenia,2022,0.0
Slovenia,2023,0.0
Solomon Islands,2005,56.41
Solomon Islands,2012,33.43
South Africa,1993,39.09
South Africa,2000,42.385000000000005
South Africa,2005,35.24
South Africa,2008,24.48
South Africa,2010,23.77
South Africa,2014,25.84
South Asia,1981,55.9
South Asia,1982,54.2
South Asia,1983,50.9
South Asia,1984,50.7
South Asia,1985,50.6
South Asia,1986,50.7
South Asia,1987,51.3
South Asia,1988,51.1
South Asia,1989,50.4
South Asia,1990,49.7
South Asia,1991,49.6
South Asia,1992,48.9
South Asia,1993,48.1
South Asia,1994,47.4
South Asia,1995,47.1
South Asia,1996,46.8
South Asia,2002,46.0
South Asia,2003,45.6
South Asia,2004,45.0
South Asia,2005,43.3
South Asia,2006,40.7
South Asia,2007,38.1
South Asia,2008,36.8
South Asia,2009,34.6
South Asia,2010,30.4
South Asia,2011,27.5
South Asia,2012,25.2
South Asia,2013,22.8
South Asia,2014,20.0
South Asia,2020,9.4
South Asia,2021,7.9
South Asia,2022,6.1
South Asia,2023,4.7
South Asia,2024,3.8
South Sudan,2009,39.72
South Sudan,2016,71.91499999999999
Spain,1980,0.6
Spain,1985,0.37
Spain,1990,0.495
Spain,1993,1.37
Spain,1994,1.1
Spain,1995,1.49
Spain,1996,1.495
Spain,1997,0.995
Spain,1998,0.975
Spain,1999,0.71
Spain,2000,0.79
Spain,2003,0.855
Spain,2004,0.91
Spain,2005,0.8200000000000001
Spain,2006,0.835
Spain,2007,0.48
Spain,2008,0.5449999999999999
Spain,2009,0.855
Spain,2010,0.69
Spain,2011,1.2149999999999999
Spain,2012,0.97
Spain,2013,1.22
Spain,2014,0.845
Spain,2015,1.0
Spain,2016,1.2149999999999999
Spain,2017,0.74
Spain,2018,0.9199999999999999
Spain,2019,0.845
Spain,2020,0.9950000000000001
Spain,2021,0.6299999999999999
Spain,2022,0.75
Spain,2023,0.745
Sri Lanka,1985,22.689999999999998
Sri Lanka,1990,17.509999999999998
Sri Lanka,1995,17.39
Sri Lanka,2002,15.86
Sri Lanka,2006,8.915
Sri Lanka,2009,5.65
Sri Lanka,2012,4.495
Sri Lanka,2016,2.55
Sri Lanka,2019,1.83
St. Lucia,1995,39.81
St. Lucia,2015,1.8
Sub-Saharan Africa,1990,61.5
Sub-Saharan Africa,1991,62.8
Sub-Saharan Africa,1992,63.9
Sub-Saharan Africa,1993,64.6
Sub-Saharan Africa,1994,64.7
Sub-Saharan Africa,1995,64.5
Sub-Saharan Africa,1996,63.9
Sub-Saharan Africa,1997,63.5
Sub-Saharan Africa,1998,63.5
Sub-Saharan Africa,1999,63.1
Sub-Saharan Africa,2000,62.5
Sub-Saharan Africa,2001,61.3
Sub-Saharan Africa,2002,60.9
Sub-Saharan Africa,2003,59.9
Sub-Saharan Africa,2004,57.0
Sub-Saharan Africa,2005,55.5
Sub-Saharan Africa,2006,54.0
Sub-Saharan Africa,2007,53.0
Sub-Saharan Africa,2008,51.6
Sub-Saharan Africa,2009,51.1
Sub-Saharan Africa,2010,49.5
Sub-Saharan Africa,2011,48.5
Sub-Saharan Africa,2012,47.3
Sub-Saharan Africa,2013,46.4
Sub-Saharan Africa,2014,45.7
Sub-Saharan Africa,2015,45.5
Sub-Saharan Africa,2016,45.3
Sub-Saharan Africa,2017,45.0
Sub-Saharan Africa,2018,44.6
Sub-Saharan Africa,2019,44.4
Sub-Saharan Africa,2020,46.4
Sub-Saharan Africa,2021,46.6
Sub-Saharan Africa,2022,46.4
Sub-Saharan Africa,2023,46.5
Sub-Saharan Africa,2024,46.0
Sudan,2009,15.84
Sudan,2014,12.68
Suriname,1999,20.6
Suriname,2022,1.6500000000000001
Sweden,1975,0.5
Sweden,1981,0.375
Sweden,1987,0.225
Sweden,1992,0.22
Sweden,1995,0.375
Sweden,2000,0.1
Sweden,2001,0.225
Sweden,2002,0.0
Sweden,2003,0.36
Sweden,2004,0.45
Sweden,2005,1.09
Sweden,2006,0.38
Sweden,2007,0.45499999999999996
Sweden,2008,0.6399999999999999
Sweden,2009,0.48
Sweden,2010,0.575
Sweden,2011,0.6599999999999999
Sweden,2012,0.48
Sweden,2013,0.675
Sweden,2014,0.485
Sweden,2015,0.585
Sweden,2016,0.33
Sweden,2017,0.275
Sweden,2018,0.815
Sweden,2019,0.36
Sweden,2020,0.44499999999999995
Sweden,2021,0.615
Sweden,2022,1.23
Sweden,2023,0.7550000000000001
Switzerland,1982,0.7
Switzerland,1992,0.595
Switzerland,2000,0.1
Switzerland,2002,0.0
Switzerland,2004,0.1
Switzerland,2006,0.07500000000000001
Switzerland,2007,0.060000000000000005
Switzerland,2008,0.08499999999999995
Switzerland,2009,0.02
Switzerland,2010,0.07500000000000001
Switzerland,2011,0.0
Switzerland,2012,0.005
Switzerland,2013,0.02
Switzerland,2014,0.015
Switzerland,2015,0.015
Switzerland,2016,0.015
Switzerland,2017,0.0
Switzerland,2018,0.015
Switzerland,2019,0.01
Switzerland,2020,0.07
Switzerland,2021,0.015
Switzerland,2022,0.10500000000000001
Syrian Arab Republic,1996,1.79
Syrian Arab Republic,2003,0.78
Syrian Arab Republic,2006,0.895
Syrian Arab Republic,2009,0.61
Syrian Arab Republic,2022,20.67
"Taiwan, China",1981,0.0
"Taiwan, China",1986,0.0
"Taiwan, China",1991,0.0
"Taiwan, China",1995,0.5
"Taiwan, China",1997,0.0
"Taiwan, China",2000,0.0
"Taiwan, China",2005,0.0
"Taiwan, China",2007,0.0
"Taiwan, China",2010,0.24
"Taiwan, China",2013,0.0
"Taiwan, China",2016,0.0
"Taiwan, China",2017,0.0
"Taiwan, China",2018,0.0
"Taiwan, China",2019,0.0
"Taiwan, China",2020,0.0
"Taiwan, China",2021,0.0
Tajikistan,1999,70.68
Tajikistan,2003,46.375
Tajikistan,2004,29.28
Tajikistan,2007,18.5
Tajikistan,2009,11.245
Tajikistan,2015,9.705
Tajikistan,2021,6.365
Tajikistan,2022,6.54
Tajikistan,2023,4.97
Tajikistan,2024,4.005
Tanzania,1991,71.395
Tanzania,2000,85.47
Tanzania,2007,59.07
Tanzania,2011,48.08
Tanzania,2018,48.125
Thailand,1981,26.865000000000002
Thailand,1988,22.17
Thailand,1990,16.725
Thailand,1992,12.6
Thailand,1994,6.85
Thailand,1996,4.745
Thailand,1998,3.9400000000000004
Thailand,1999,6.125
Thailand,2000,6.1850000000000005
Thailand,2002,3.23
Thailand,2004,2.145
Thailand,2006,1.5650000000000002
Thailand,2007,0.92
Thailand,2008,0.65
Thailand,2009,0.525
Thailand,2010,0.485
Thailand,2011,0.18499999999999994
Thailand,2012,0.26
Thailand,2013,0.13
Thailand,2014,0.14500000000000002
Thailand,2015,0.07500000000000001
Thailand,2016,0.07
Thailand,2017,0.07
Thailand,2018,0.065
Thailand,2019,0.1
Thailand,2020,0.07500000000000001
Thailand,2021,0.005
Thailand,2022,0.005
Thailand,2023,0.0
Timor-Leste,2001,48.305
Timor-Leste,2007,50.46
Timor-Leste,2014,34.12
Togo,2006,64.08500000000001
Togo,2011,62.045
Togo,2015,58.095
Togo,2018,31.765
Togo,2021,30.47
Tonga,2000,3.8449999999999998
Tonga,2009,2.43
Tonga,2015,2.895
Tonga,2021,0.21000000000000002
Trinidad and Tobago,1988,0.3
Trinidad and Tobago,1992,2.27
Tunisia,1985,17.275
Tunisia,1990,12.795
Tunisia,1995,13.575
Tunisia,2000,7.41
Tunisia,2005,4.235
Tunisia,2010,2.2350000000000003
Tunisia,2015,0.41999999999999993
Tunisia,2021,0.4649999999999999
Turkiye,1987,4.94
Turkiye,1994,6.335
Turkiye,2002,4.85
Turkiye,2003,6.93
Turkiye,2004,4.305
Turkiye,2005,4.42
Turkiye,2006,3.285
Turkiye,2007,2.6550000000000002
Turkiye,2008,1.93
Turkiye,2009,1.8599999999999999
Turkiye,2010,1.785
Turkiye,2011,1.065
Turkiye,2012,0.895
Turkiye,2013,0.9
Turkiye,2014,0.6
Turkiye,2015,0.755
Turkiye,2016,0.55
Turkiye,2017,0.5133333333333333
Turkiye,2018,0.4633333333333333
Turkiye,2019,0.7033333333333333
Turkiye,2020,0.785
Turkiye,2021,0.67
Turkiye,2022,0.33
Turkmenistan,1998,39.129999999999995
Tuvalu,2010,6.3149999999999995
Uganda,1989,65.745
Uganda,1992,72.505
Uganda,1996,71.225
Uganda,1999,74.275
Uganda,2002,72.315
Uganda,2005,64.87
Uganda,2009,54.7
Uganda,2012,46.870000000000005
Uganda,2016,51.480000000000004
Uganda,2019,50.96
Ukraine,1992,6.005
Ukraine,1993,3.525
Ukraine,1995,11.2
Ukraine,1996,11.205
Ukraine,1999,18.755000000000003
Ukraine,2002,4.48
Ukraine,2003,2.17
Ukraine,2004,1.865
Ukraine,2005,0.75
Ukraine,2006,0.43
Ukraine,2007,0.3
Ukraine,2008,0.065
Ukraine,2009,0.18499999999999994
Ukraine,2010,0.055
Ukraine,2011,0.055
Ukraine,2012,0.10500000000000001
Ukraine,2013,0.05
Ukraine,2014,0.005
Ukraine,2015,0.21
Ukraine,2016,0.15000000000000002
Ukraine,2017,0.065
Ukraine,2018,0.10500000000000001
Ukraine,2019,0.1
Ukraine,2020,0.015
United Arab Emirates,2013,0.0
United Arab Emirates,2018,0.0
United Kingdom,1968,0.21000000000000002
United Kingdom,1969,0.22
United Kingdom,1970,0.1
United Kingdom,1971,0.0
United Kingdom,1972,0.21499999999999997
United Kingdom,1973,0.0
United Kingdom,1974,0.22
United Kingdom,1975,0.22
United Kingdom,1976,0.0
United Kingdom,1977,0.22
United Kingdom,1978,0.0
United Kingdom,1979,0.0
United Kingdom,1980,0.0
United Kingdom,1981,0.0
United Kingdom,1982,0.1
United Kingdom,1983,0.0
United Kingdom,1984,0.1
United Kingdom,1985,0.21000000000000002
United Kingdom,1986,0.225
United Kingdom,1987,0.0
United Kingdom,1988,0.1
United Kingdom,1989,0.21499999999999997
United Kingdom,1990,0.1
United Kingdom,1991,0.1
United Kingdom,1992,0.22
United Kingdom,1993,0.22
United Kingdom,1994,0.225
United Kingdom,1995,0.225
United Kingdom,1996,0.225
United Kingdom,1997,0.225
United Kingdom,1998,0.225
United Kingdom,1999,0.225
United Kingdom,2000,0.225
United Kingdom,2001,0.225
United Kingdom,2002,0.225
United Kingdom,2003,0.225
United Kingdom,2004,0.225
United Kingdom,2005,0.225
United Kingdom,2006,0.21499999999999997
United Kingdom,2007,0.22
United Kingdom,2008,0.225
United Kingdom,2009,0.225
United Kingdom,2010,0.225
United Kingdom,2011,0.225
United Kingdom,2012,0.37
United Kingdom,2013,0.22
United Kingdom,2014,0.225
United Kingdom,2015,0.225
United Kingdom,2016,0.225
United Kingdom,2017,0.225
United Kingdom,2018,0.5
United Kingdom,2019,0.5
United Kingdom,2020,0.5
United Kingdom,2021,0.375
United States,1963,1.375
United States,1964,1.375
United States,1965,1.1
United States,1966,1.1
United States,1967,1.0
United States,1968,0.875
United States,1969,0.6
United States,1970,1.0
United States,1971,0.875
United States,1972,0.725
United States,1973,0.725
United States,1974,0.725
United States,1975,0.6
United States,1976,0.6
United States,1977,0.5
United States,1978,0.6
United States,1979,0.6
United States,1980,0.5
United States,1981,0.5
United States,1982,0.725
United States,1983,0.6
United States,1984,0.6
United States,1985,0.6
United States,1986,0.6
United States,1987,0.5
United States,1988,0.5
United States,1989,0.5
United States,1990,0.5
United States,1991,0.5
United States,1992,0.5
United States,1993,0.6
United States,1994,0.6
United States,1995,0.6
United States,1996,0.725
United States,1997,0.725
United States,1998,0.725
United States,1999,0.725
United States,2000,0.725
United States,2001,0.875
United States,2002,0.875
United States,2003,1.0
United States,2004,1.0
United States,2005,1.0
United States,2006,1.0
United States,2007,1.0
United States,2008,1.0
United States,2009,1.0
United States,2010,1.1
United States,2011,1.0
United States,2012,1.0
United States,2013,1.0
United States,2014,1.225
United States,2015,1.225
United States,2016,1.1
United States,2017,1.225
United States,2018,1.0
United States,2019,1.0
United States,2020,0.375
United States,2021,0.375
United States,2022,1.225
United States,2023,1.225
Uruguay,1981,0.0
Uruguay,1989,1.0
Uruguay,1992,0.9
Uruguay,1995,0.8
Uruguay,1996,0.9
Uruguay,1997,0.7
Uruguay,1998,0.9
Uruguay,2000,0.8
Uruguay,2001,0.7
Uruguay,2002,1.1
Uruguay,2003,1.5
Uruguay,2004,1.7
Uruguay,2005,1.5
Uruguay,2006,0.78
Uruguay,2007,0.54
Uruguay,2008,0.31499999999999995
Uruguay,2009,0.33999999999999997
Uruguay,2010,0.23499999999999993
Uruguay,2011,0.16999999999999996
Uruguay,2012,0.23499999999999993
Uruguay,2013,0.23499999999999993
Uruguay,2014,0.175
Uruguay,2015,0.175
Uruguay,2016,0.095
Uruguay,2017,0.08499999999999995
Uruguay,2018,0.08
Uruguay,2019,0.1
Uruguay,2020,0.255
Uruguay,2021,0.155
Uruguay,2022,0.18
Uruguay,2023,0.155
Uruguay,2024,0.155
Uzbekistan,1998,69.305
Uzbekistan,2000,87.57
Uzbekistan,2002,86.785
Uzbekistan,2003,87.4
Uzbekistan,2021,3.1300000000000003
Uzbekistan,2022,3.325
Uzbekistan,2023,3.1149999999999998
Uzbekistan,2024,1.96
Vanuatu,2010,20.175
Vanuatu,2019,14.73
"Venezuela, RB",1981,8.99
"Venezuela, RB",1987,9.665000000000001
"Venezuela, RB",1989,6.31
"Venezuela, RB",1992,5.715
"Venezuela, RB",1995,12.515
"Venezuela, RB",1998,12.665
"Venezuela, RB",1999,14.265
"Venezuela, RB",2001,12.495
"Venezuela, RB",2002,19.240000000000002
"Venezuela, RB",2003,23.375
"Venezuela, RB",2004,19.705
"Venezuela, RB",2005,16.23
"Venezuela, RB",2006,8.415
Viet Nam,1992,50.97
Viet Nam,1997,31.245
Viet Nam,2002,36.62
Viet Nam,2004,25.52
Viet Nam,2006,19.3
Viet Nam,2008,14.370000000000001
Viet Nam,2010,4.035
Viet Nam,2012,2.68
Viet Nam,2014,2.655
Viet Nam,2016,1.88
Viet Nam,2018,1.715
Viet Nam,2020,0.9750000000000001
Viet Nam,2022,1.28
West Bank and Gaza,2004,1.195
West Bank and Gaza,2005,0.75
West Bank and Gaza,2006,0.405
West Bank and Gaza,2007,2.13
West Bank and Gaza,2009,0.435
West Bank and Gaza,2010,0.32
West Bank and Gaza,2011,0.29500000000000004
West Bank and Gaza,2016,0.95
West Bank and Gaza,2023,1.2550000000000001
World,1981,47.1
World,1982,46.7
World,1983,46.1
World,1984,45.5
World,1985,44.7
World,1986,43.8
World,1987,43.4
World,1988,42.2
World,1989,43.6
World,1990,43.4
World,1991,43.1
World,1992,42.4
World,1993,41.9
World,1994,40.6
World,1995,39.2
World,1996,37.9
World,1997,37.6
World,1998,37.9
World,1999,37.3
World,2000,36.3
World,2001,35.3
World,2002,33.8
World,2003,32.2
World,2004,30.3
World,2005,28.4
World,2006,27.0
World,2007,25.3
World,2008,24.1
World,2009,23.0
World,2010,21.0
World,2011,19.2
World,2012,17.9
World,2013,15.6
World,2014,14.6
World,2015,13.4
World,2016,12.6
World,2017,11.9
World,2018,11.2
World,2020,11.4
World,2021,11.2
World,2022,10.8
World,2023,10.5
World,2024,10.3
"Yemen, Rep.",1998,11.75
"Yemen, Rep.",2005,15.969999999999999
"Yemen, Rep.",2014,26.549999999999997
Zambia,1991,60.22
Zambia,1993,63.08
Zambia,1996,51.435
Zambia,1998,51.915
Zambia,2002,62.19499999999999
Zambia,2004,64.98
Zambia,2006,68.35
Zambia,2010,67.9
Zambia,2015,64.345
Zambia,2022,68.025
Zimbabwe,2011,30.955000000000002
Zimbabwe,2017,39.455
Zimbabwe,2019,44.475
